{"Stockholm": [18.0710935, 59.3251172], "Munich": [11.5753822, 48.1371079], "New York": [-74.0060152, 40.7127281], "Austin": [-97.7436995, 30.2711286]}